-- phpMyAdmin SQL Dump
-- version 4.8.5
-- https://www.phpmyadmin.net/
--
-- Host: 127.0.0.1
-- Czas generowania: 10 Lis 2019, 22:38
-- Wersja serwera: 10.1.38-MariaDB
-- Wersja PHP: 7.3.2

SET SQL_MODE = "NO_AUTO_VALUE_ON_ZERO";
SET AUTOCOMMIT = 0;
START TRANSACTION;
SET time_zone = "+00:00";


/*!40101 SET @OLD_CHARACTER_SET_CLIENT=@@CHARACTER_SET_CLIENT */;
/*!40101 SET @OLD_CHARACTER_SET_RESULTS=@@CHARACTER_SET_RESULTS */;
/*!40101 SET @OLD_COLLATION_CONNECTION=@@COLLATION_CONNECTION */;
/*!40101 SET NAMES utf8mb4 */;

--
-- Baza danych: `skoki`
--
CREATE DATABASE IF NOT EXISTS `skoki` DEFAULT CHARACTER SET utf8 COLLATE utf8_polish_ci;
USE `skoki`;

-- --------------------------------------------------------

--
-- Struktura tabeli dla tabeli `konkursy`
--

CREATE TABLE `konkursy` (
  `ID_konkursu` int(2) NOT NULL,
  `Data` date DEFAULT NULL,
  `Miejsce` varchar(22) DEFAULT NULL
) ENGINE=InnoDB DEFAULT CHARSET=utf8;

--
-- Zrzut danych tabeli `konkursy`
--

INSERT INTO `konkursy` (`ID_konkursu`, `Data`, `Miejsce`) VALUES
(1, '2018-11-18', 'Wisła'),
(2, '2018-11-24', 'Ruka'),
(3, '2018-11-25', 'Ruka'),
(4, '2018-12-01', 'Niżny Tagił'),
(5, '2018-12-02', 'Niżny Tagił'),
(6, '2018-12-15', 'Engelberg'),
(7, '2018-12-16', 'Engelberg'),
(8, '2018-12-30', 'Oberstdorf'),
(9, '2019-01-01', 'Garmisch-Partenkirchen'),
(10, '2019-01-04', 'Innsbruck'),
(11, '2019-01-06', 'Bischofshofen'),
(12, '2019-01-12', 'Val di Fiemme'),
(13, '2019-01-13', 'Val di Fiemme'),
(14, '2019-01-20', 'Zakopane'),
(15, '2019-01-26', 'Sapporo'),
(16, '2019-01-27', 'Sapporo'),
(17, '2019-02-01', 'Oberstdorf'),
(18, '2019-02-02', 'Oberstdorf'),
(19, '2019-02-03', 'Oberstdorf'),
(20, '2019-02-10', 'Lahti'),
(21, '2019-02-16', 'Willingen'),
(22, '2019-02-17', 'Willingen'),
(23, '2019-03-10', 'Oslo'),
(24, '2019-03-12', 'Lillehammer'),
(25, '2019-03-14', 'Trondheim'),
(26, '2019-03-17', 'Vikersund'),
(27, '2019-03-22', 'Planica'),
(28, '2019-03-24', 'Planica');

-- --------------------------------------------------------

--
-- Struktura tabeli dla tabeli `kraje`
--

CREATE TABLE `kraje` (
  `ID_kraju` int(2) NOT NULL,
  `Kraj` varchar(10) DEFAULT NULL
) ENGINE=InnoDB DEFAULT CHARSET=utf8;

--
-- Zrzut danych tabeli `kraje`
--

INSERT INTO `kraje` (`ID_kraju`, `Kraj`) VALUES
(1, 'Austria'),
(2, 'Bułgaria'),
(3, 'Czechy'),
(4, 'Estonia'),
(5, 'Finlandia'),
(6, 'Japonia'),
(7, 'Kanada'),
(8, 'Niemcy'),
(9, 'Norwegia'),
(10, 'Polska'),
(11, 'Rosja'),
(12, 'Słowenia'),
(13, 'Szwajcaria'),
(14, 'USA'),
(15, 'Włochy');

-- --------------------------------------------------------

--
-- Struktura tabeli dla tabeli `wyniki`
--

CREATE TABLE `wyniki` (
  `ID` int(3) DEFAULT NULL,
  `ID_konkursu` int(2) DEFAULT NULL,
  `ID_zawodnika` int(2) DEFAULT NULL,
  `Skok1` decimal(5,1) DEFAULT NULL,
  `Skok2` decimal(5,1) DEFAULT NULL,
  `Punkty` decimal(5,1) DEFAULT NULL
) ENGINE=InnoDB DEFAULT CHARSET=utf8;

--
-- Zrzut danych tabeli `wyniki`
--

INSERT INTO `wyniki` (`ID`, `ID_konkursu`, `ID_zawodnika`, `Skok1`, `Skok2`, `Punkty`) VALUES
(1, 1, 12, '127.5', '131.5', '263.4'),
(2, 1, 11, '124.5', '130.5', '256.7'),
(3, 1, 1, '137.5', '127.0', '255.6'),
(4, 1, 3, '126.5', '127.0', '255.3'),
(5, 1, 9, '126.0', '127.0', '253.4'),
(6, 1, 4, '124.5', '131.0', '251.3'),
(7, 1, 25, '123.0', '127.0', '251.0'),
(8, 1, 5, '124.0', '128.0', '250.6'),
(9, 1, 10, '120.5', '129.0', '249.5'),
(10, 1, 8, '122.5', '128.0', '249.3'),
(11, 1, 18, '123.5', '132.0', '248.8'),
(12, 1, 42, '127.0', '127.0', '247.8'),
(13, 1, 34, '121.0', '124.5', '243.7'),
(14, 1, 36, '123.5', '127.5', '243.0'),
(15, 1, 7, '124.5', '123.0', '242.4'),
(16, 1, 6, '122.5', '125.0', '241.5'),
(17, 1, 17, '122.5', '124.0', '241.2'),
(18, 1, 16, '121.5', '124.5', '240.0'),
(19, 1, 20, '122.5', '122.5', '239.9'),
(20, 1, 30, '124.5', '121.0', '238.9'),
(21, 1, 2, '119.5', '118.5', '237.8'),
(22, 1, 21, '120.0', '122.5', '233.1'),
(23, 1, 22, '121.0', '120.5', '232.8'),
(24, 1, 45, '119.0', '121.5', '231.0'),
(25, 1, 14, '119.0', '119.5', '225.0'),
(26, 1, 28, '123.0', '116.5', '219.9'),
(27, 1, 31, '119.5', '116.5', '218.6'),
(28, 1, 65, '119.5', '120.0', '216.9'),
(29, 1, 47, '116.0', '111.5', '212.0'),
(30, 1, 54, '122.5', '113.5', '212.0'),
(31, 2, 1, '138.5', '0.0', '142.0'),
(32, 2, 3, '140.5', '0.0', '139.9'),
(33, 2, 4, '136.0', '0.0', '135.0'),
(34, 2, 13, '146.0', '0.0', '133.6'),
(35, 2, 10, '135.0', '0.0', '133.5'),
(36, 2, 33, '140.0', '0.0', '133.4'),
(37, 2, 9, '136.0', '0.0', '131.8'),
(38, 2, 6, '132.0', '0.0', '129.9'),
(39, 2, 18, '132.5', '0.0', '129.8'),
(40, 2, 30, '135.5', '0.0', '126.8'),
(41, 2, 22, '132.5', '0.0', '126.7'),
(42, 2, 48, '135.5', '0.0', '124.9'),
(43, 2, 8, '131.5', '0.0', '124.2'),
(44, 2, 16, '134.0', '0.0', '123.0'),
(45, 2, 7, '129.5', '0.0', '121.9'),
(46, 2, 11, '125.5', '0.0', '121.7'),
(47, 2, 20, '132.5', '0.0', '119.4'),
(48, 2, 54, '132.0', '0.0', '118.9'),
(49, 2, 14, '130.0', '0.0', '118.3'),
(50, 2, 40, '133.5', '0.0', '118.0'),
(51, 2, 21, '128.5', '0.0', '117.9'),
(52, 2, 31, '130.5', '0.0', '117.4'),
(53, 2, 46, '129.5', '0.0', '114.4'),
(54, 2, 53, '130.0', '0.0', '113.0'),
(55, 2, 15, '130.5', '0.0', '113.0'),
(56, 2, 2, '126.5', '0.0', '112.6'),
(57, 2, 51, '129.5', '0.0', '112.5'),
(58, 2, 39, '126.0', '0.0', '111.6'),
(59, 2, 58, '128.5', '0.0', '109.5'),
(60, 2, 69, '127.5', '0.0', '107.0'),
(61, 3, 1, '140.0', '147.5', '310.4'),
(62, 3, 18, '136.0', '145.5', '288.4'),
(63, 3, 3, '136.5', '144.0', '285.4'),
(64, 3, 13, '136.5', '142.5', '274.8'),
(65, 3, 4, '133.5', '139.5', '274.0'),
(66, 3, 11, '136.5', '137.5', '268.9'),
(67, 3, 6, '134.0', '139.0', '268.0'),
(68, 3, 10, '135.0', '138.0', '267.4'),
(69, 3, 8, '131.5', '137.5', '264.8'),
(70, 3, 2, '128.0', '139.0', '264.3'),
(71, 3, 9, '130.0', '135.0', '256.0'),
(72, 3, 5, '130.0', '133.0', '254.5'),
(73, 3, 22, '125.5', '134.0', '254.2'),
(74, 3, 21, '126.0', '133.5', '253.1'),
(75, 3, 31, '124.0', '133.0', '248.9'),
(76, 3, 26, '129.0', '132.0', '247.4'),
(77, 3, 14, '128.5', '130.0', '246.7'),
(78, 3, 20, '123.5', '133.0', '246.5'),
(79, 3, 57, '130.0', '128.5', '246.1'),
(80, 3, 53, '124.5', '134.5', '244.0'),
(81, 3, 30, '125.5', '130.0', '242.4'),
(82, 3, 34, '119.0', '128.5', '239.4'),
(83, 3, 39, '129.5', '123.0', '238.7'),
(84, 3, 35, '120.5', '127.5', '237.1'),
(85, 3, 7, '124.5', '124.5', '233.1'),
(86, 3, 12, '129.5', '125.0', '232.2'),
(87, 3, 15, '122.5', '126.5', '231.7'),
(88, 3, 17, '120.0', '126.0', '231.0'),
(89, 3, 74, '128.0', '120.0', '222.7'),
(90, 3, 77, '129.0', '117.0', '222.1'),
(91, 4, 8, '135.5', '129.0', '264.4'),
(92, 4, 4, '133.0', '131.0', '264.2'),
(93, 4, 1, '134.0', '130.0', '262.0'),
(94, 4, 11, '129.5', '134.0', '252.9'),
(95, 4, 2, '132.0', '131.5', '250.4'),
(96, 4, 6, '126.0', '130.5', '244.6'),
(97, 4, 3, '123.5', '129.0', '244.2'),
(98, 4, 9, '131.0', '123.5', '235.7'),
(99, 4, 15, '135.0', '120.0', '234.4'),
(100, 4, 10, '121.5', '128.5', '233.9'),
(101, 4, 12, '123.5', '130.0', '233.3'),
(102, 4, 25, '121.5', '132.0', '232.6'),
(103, 4, 18, '120.0', '126.5', '230.1'),
(104, 4, 13, '122.0', '128.5', '228.5'),
(105, 4, 33, '129.5', '119.5', '225.4'),
(106, 4, 17, '132.5', '119.0', '225.3'),
(107, 4, 49, '133.0', '116.0', '225.2'),
(108, 4, 52, '127.0', '121.5', '224.4'),
(109, 4, 46, '131.0', '118.0', '223.6'),
(110, 4, 5, '126.0', '122.0', '223.2'),
(111, 4, 40, '125.5', '120.0', '220.5'),
(112, 4, 58, '123.5', '125.0', '218.2'),
(113, 4, 14, '121.5', '119.0', '218.0'),
(114, 4, 16, '126.0', '117.0', '216.2'),
(115, 4, 30, '120.5', '121.0', '213.9'),
(116, 4, 66, '123.0', '116.0', '210.9'),
(117, 4, 39, '119.5', '117.0', '209.3'),
(118, 4, 69, '122.5', '120.0', '209.1'),
(119, 4, 62, '122.5', '119.0', '207.3'),
(120, 4, 20, '124.5', '112.5', '200.6'),
(121, 5, 1, '132.5', '133.5', '273.1'),
(122, 5, 8, '132.5', '130.0', '259.2'),
(123, 5, 4, '126.0', '133.0', '258.9'),
(124, 5, 3, '129.5', '129.5', '257.8'),
(125, 5, 10, '128.0', '128.0', '248.7'),
(126, 5, 25, '129.0', '126.0', '246.6'),
(127, 5, 36, '128.5', '128.5', '246.5'),
(128, 5, 12, '126.0', '129.0', '243.2'),
(129, 5, 6, '126.0', '124.5', '238.0'),
(130, 5, 7, '124.5', '127.0', '236.9'),
(131, 5, 5, '126.0', '127.0', '236.4'),
(132, 5, 17, '129.5', '119.5', '235.3'),
(133, 5, 18, '125.0', '123.5', '233.7'),
(134, 5, 13, '134.0', '116.5', '233.6'),
(135, 5, 33, '125.0', '123.0', '232.2'),
(136, 5, 31, '122.5', '126.0', '231.8'),
(137, 5, 14, '125.0', '120.5', '231.3'),
(138, 5, 39, '125.5', '119.0', '230.1'),
(139, 5, 20, '121.5', '124.5', '229.5'),
(140, 5, 2, '131.0', '117.0', '229.4'),
(141, 5, 35, '125.0', '121.0', '228.4'),
(142, 5, 42, '121.0', '124.0', '228.0'),
(143, 5, 32, '124.0', '121.0', '227.6'),
(144, 5, 9, '123.0', '121.5', '223.6'),
(145, 5, 11, '127.0', '114.0', '221.6'),
(146, 5, 52, '129.0', '114.5', '219.4'),
(147, 5, 65, '121.5', '119.0', '219.2'),
(148, 5, 16, '124.0', '120.5', '218.5'),
(149, 5, 34, '121.5', '116.0', '213.4'),
(150, 5, 58, '123.5', '112.5', '213.0'),
(151, 6, 10, '135.0', '141.0', '302.0'),
(152, 6, 4, '134.0', '136.0', '297.3'),
(153, 6, 16, '135.0', '138.5', '295.5'),
(154, 6, 8, '133.5', '138.0', '295.3'),
(155, 6, 12, '136.5', '134.0', '294.6'),
(156, 6, 11, '135.0', '135.5', '293.9'),
(157, 6, 1, '130.0', '135.0', '289.9'),
(158, 6, 2, '129.5', '137.0', '289.6'),
(159, 6, 3, '129.0', '133.0', '288.3'),
(160, 6, 27, '124.0', '137.5', '286.4'),
(161, 6, 14, '124.0', '136.5', '284.3'),
(162, 6, 9, '128.0', '134.0', '283.1'),
(163, 6, 5, '129.0', '130.0', '280.1'),
(164, 6, 18, '131.5', '130.0', '279.1'),
(165, 6, 25, '126.5', '135.0', '278.4'),
(166, 6, 15, '130.0', '130.0', '276.6'),
(167, 6, 6, '128.0', '134.0', '275.1'),
(168, 6, 23, '121.0', '134.5', '274.0'),
(169, 6, 33, '123.0', '132.5', '273.6'),
(170, 6, 13, '129.0', '138.0', '273.4'),
(171, 6, 17, '122.5', '131.5', '272.1'),
(172, 6, 20, '126.5', '126.0', '264.4'),
(173, 6, 46, '127.0', '129.0', '264.0'),
(174, 6, 36, '123.0', '125.5', '261.3'),
(175, 6, 42, '123.0', '126.0', '259.4'),
(176, 6, 47, '128.5', '122.5', '256.7'),
(177, 6, 45, '124.5', '126.0', '255.5'),
(178, 6, 31, '125.0', '122.0', '255.2'),
(179, 6, 51, '123.5', '121.0', '253.0'),
(180, 6, 19, '127.0', '120.5', '251.2'),
(181, 7, 1, '144.0', '137.0', '294.4'),
(182, 7, 4, '137.5', '135.0', '285.1'),
(183, 7, 3, '138.0', '131.0', '279.5'),
(184, 7, 10, '137.0', '135.0', '278.6'),
(185, 7, 5, '138.5', '133.5', '278.5'),
(186, 7, 7, '135.0', '137.0', '276.9'),
(187, 7, 6, '137.0', '134.0', '276.8'),
(188, 7, 12, '136.0', '136.0', '275.7'),
(189, 7, 14, '135.0', '135.5', '272.8'),
(190, 7, 25, '135.0', '137.0', '270.5'),
(191, 7, 11, '134.0', '135.0', '268.5'),
(192, 7, 2, '132.5', '137.0', '268.1'),
(193, 7, 44, '128.5', '136.5', '260.3'),
(194, 7, 39, '126.0', '136.5', '259.6'),
(195, 7, 8, '126.5', '135.5', '259.5'),
(196, 7, 29, '128.0', '135.0', '258.7'),
(197, 7, 19, '129.0', '134.5', '258.5'),
(198, 7, 13, '128.5', '133.0', '256.5'),
(199, 7, 9, '128.0', '134.0', '256.5'),
(200, 7, 20, '130.0', '132.5', '255.9'),
(201, 7, 15, '127.5', '134.0', '254.5'),
(202, 7, 22, '126.0', '131.5', '252.5'),
(203, 7, 36, '130.0', '134.0', '249.7'),
(204, 7, 18, '128.0', '131.0', '246.2'),
(205, 7, 34, '125.0', '133.0', '246.0'),
(206, 7, 33, '130.0', '129.5', '245.1'),
(207, 7, 40, '124.5', '129.0', '244.7'),
(208, 7, 51, '125.0', '127.0', '239.2'),
(209, 7, 24, '126.5', '127.0', '234.8'),
(210, 7, 37, '124.5', '125.0', '233.9'),
(211, 8, 1, '138.5', '126.5', '282.3'),
(212, 8, 7, '133.0', '129.0', '281.9'),
(213, 8, 2, '131.0', '134.5', '280.5'),
(214, 8, 19, '132.5', '131.0', '278.2'),
(215, 8, 5, '128.5', '133.5', '269.8'),
(216, 8, 4, '133.0', '126.5', '268.3'),
(217, 8, 6, '129.0', '125.0', '268.0'),
(218, 8, 3, '127.0', '131.0', '267.6'),
(219, 8, 9, '127.0', '125.5', '266.0'),
(220, 8, 16, '129.0', '124.0', '265.2'),
(221, 8, 14, '126.0', '129.0', '264.4'),
(222, 8, 10, '129.0', '128.0', '262.9'),
(223, 8, 11, '125.5', '125.0', '260.0'),
(224, 8, 24, '125.0', '126.0', '258.3'),
(225, 8, 23, '130.0', '124.5', '255.0'),
(226, 8, 21, '123.5', '122.5', '251.0'),
(227, 8, 34, '121.5', '122.0', '250.2'),
(228, 8, 29, '120.5', '122.5', '247.5'),
(229, 8, 17, '123.0', '119.0', '241.2'),
(230, 8, 12, '124.0', '117.0', '240.6'),
(231, 8, 59, '120.0', '116.5', '240.3'),
(232, 8, 25, '120.0', '118.0', '240.0'),
(233, 8, 33, '125.0', '118.0', '239.1'),
(234, 8, 38, '119.0', '113.0', '226.6'),
(235, 8, 8, '125.0', '110.0', '226.3'),
(236, 8, 22, '116.0', '117.0', '225.4'),
(237, 8, 27, '118.5', '109.0', '214.6'),
(238, 8, 42, '119.0', '109.0', '210.8'),
(239, 8, 39, '118.0', '108.0', '208.8'),
(240, 8, 75, '119.5', '107.0', '208.4'),
(241, 9, 1, '136.5', '133.0', '266.6'),
(242, 9, 7, '138.0', '135.0', '264.7'),
(243, 9, 5, '133.5', '133.0', '256.2'),
(244, 9, 14, '133.0', '134.5', '253.8'),
(245, 9, 20, '131.0', '131.5', '249.4'),
(246, 9, 3, '129.0', '134.0', '249.2'),
(247, 9, 11, '128.0', '135.0', '249.0'),
(248, 9, 9, '132.0', '132.5', '248.7'),
(249, 9, 15, '127.0', '132.0', '245.4'),
(250, 9, 19, '129.5', '134.0', '245.3'),
(251, 9, 4, '128.5', '130.5', '241.3'),
(252, 9, 32, '130.0', '130.0', '241.2'),
(253, 9, 22, '128.0', '127.5', '240.8'),
(254, 9, 36, '130.0', '128.5', '239.8'),
(255, 9, 16, '120.0', '136.5', '238.8'),
(256, 9, 12, '130.0', '129.0', '236.7'),
(257, 9, 34, '125.0', '129.0', '236.3'),
(258, 9, 23, '126.5', '134.0', '236.3'),
(259, 9, 10, '127.0', '130.0', '235.8'),
(260, 9, 6, '120.5', '136.5', '235.8'),
(261, 9, 24, '126.0', '130.0', '235.4'),
(262, 9, 8, '122.0', '136.0', '235.3'),
(263, 9, 17, '125.0', '132.5', '232.9'),
(264, 9, 21, '132.5', '123.0', '231.8'),
(265, 9, 33, '117.0', '133.0', '226.3'),
(266, 9, 39, '126.0', '126.0', '226.2'),
(267, 9, 28, '124.0', '130.0', '223.9'),
(268, 9, 31, '120.0', '126.0', '213.1'),
(269, 9, 38, '123.5', '121.5', '206.0'),
(270, 9, 41, '120.5', '119.0', '201.9'),
(271, 10, 1, '136.5', '130.0', '267.0'),
(272, 10, 2, '129.5', '130.5', '254.2'),
(273, 10, 19, '131.0', '126.0', '242.7'),
(274, 10, 11, '129.0', '127.5', '239.1'),
(275, 10, 3, '126.5', '131.0', '234.1'),
(276, 10, 23, '129.0', '123.5', '231.4'),
(277, 10, 17, '127.0', '123.0', '230.6'),
(278, 10, 21, '128.0', '124.0', '230.0'),
(279, 10, 14, '123.0', '125.0', '228.4'),
(280, 10, 9, '130.0', '119.5', '226.6'),
(281, 10, 6, '129.0', '124.0', '226.1'),
(282, 10, 30, '126.5', '123.0', '224.8'),
(283, 10, 7, '129.0', '123.5', '223.8'),
(284, 10, 16, '127.0', '121.0', '222.8'),
(285, 10, 32, '124.5', '124.5', '222.3'),
(286, 10, 31, '121.5', '122.5', '219.6'),
(287, 10, 24, '125.0', '123.5', '217.6'),
(288, 10, 5, '130.0', '116.0', '216.5'),
(289, 10, 12, '122.0', '120.5', '214.3'),
(290, 10, 18, '118.5', '121.0', '207.8'),
(291, 10, 8, '119.5', '123.5', '205.9'),
(292, 10, 27, '123.0', '115.5', '205.9'),
(293, 10, 26, '123.5', '115.0', '203.9'),
(294, 10, 10, '120.5', '115.5', '203.3'),
(295, 10, 36, '124.5', '116.0', '202.0'),
(296, 10, 20, '124.0', '114.0', '200.5'),
(297, 10, 33, '120.0', '111.5', '197.4'),
(298, 10, 34, '123.0', '112.5', '196.4'),
(299, 10, 43, '120.0', '110.0', '188.6'),
(300, 10, 40, '120.0', '112.0', '186.4'),
(301, 11, 1, '135.0', '137.5', '282.1'),
(302, 11, 5, '138.0', '130.0', '268.3'),
(303, 11, 2, '134.0', '131.5', '267.5'),
(304, 11, 11, '126.0', '137.0', '266.0'),
(305, 11, 7, '137.0', '131.5', '265.5'),
(306, 11, 14, '133.0', '130.5', '259.7'),
(307, 11, 15, '128.5', '135.0', '258.0'),
(308, 11, 17, '131.5', '127.0', '254.6'),
(309, 11, 6, '132.0', '126.5', '253.3'),
(310, 11, 10, '122.0', '133.5', '249.5'),
(311, 11, 16, '121.0', '131.5', '243.6'),
(312, 11, 3, '129.0', '123.5', '243.1'),
(313, 11, 4, '130.0', '127.0', '241.8'),
(314, 11, 27, '124.0', '129.0', '240.5'),
(315, 11, 18, '121.5', '128.5', '234.7'),
(316, 11, 24, '125.5', '130.5', '234.5'),
(317, 11, 8, '124.0', '126.5', '231.6'),
(318, 11, 41, '124.0', '125.0', '231.0'),
(319, 11, 38, '121.0', '129.0', '230.3'),
(320, 11, 25, '125.0', '123.0', '228.8'),
(321, 11, 28, '122.0', '126.0', '228.0'),
(322, 11, 32, '123.5', '128.0', '226.9'),
(323, 11, 23, '118.0', '120.5', '224.7'),
(324, 11, 31, '124.0', '121.0', '223.9'),
(325, 11, 19, '120.0', '118.0', '221.8'),
(326, 11, 12, '132.5', '115.5', '218.4'),
(327, 11, 21, '121.0', '120.0', '214.8'),
(328, 11, 33, '125.0', '119.0', '209.6'),
(329, 11, 20, '123.5', '114.0', '209.3'),
(330, 11, 62, '118.5', '120.5', '206.1'),
(331, 12, 1, '135.0', '136.0', '315.0'),
(332, 12, 5, '122.0', '131.5', '288.5'),
(333, 12, 3, '121.5', '133.5', '282.9'),
(334, 12, 2, '121.5', '129.5', '281.6'),
(335, 12, 11, '119.5', '127.5', '275.1'),
(336, 12, 14, '120.0', '129.5', '271.9'),
(337, 12, 4, '121.5', '127.0', '270.0'),
(338, 12, 31, '114.5', '132.5', '269.7'),
(339, 12, 17, '118.5', '130.5', '269.3'),
(340, 12, 28, '120.5', '128.5', '268.4'),
(341, 12, 8, '115.0', '130.0', '267.4'),
(342, 12, 9, '114.0', '130.0', '266.3'),
(343, 12, 6, '115.0', '128.0', '266.0'),
(344, 12, 34, '115.0', '130.0', '265.3'),
(345, 12, 24, '117.5', '129.5', '265.2'),
(346, 12, 23, '118.0', '125.0', '264.9'),
(347, 12, 21, '119.5', '129.0', '264.4'),
(348, 12, 30, '117.5', '127.0', '261.1'),
(349, 12, 10, '116.0', '127.0', '260.1'),
(350, 12, 19, '116.0', '126.0', '257.6'),
(351, 12, 20, '119.5', '123.5', '256.3'),
(352, 12, 26, '125.0', '120.5', '256.0'),
(353, 12, 25, '116.5', '124.5', '255.5'),
(354, 12, 16, '115.0', '125.5', '255.1'),
(355, 12, 15, '115.0', '125.0', '252.5'),
(356, 12, 18, '115.5', '123.0', '251.5'),
(357, 12, 46, '117.5', '123.5', '250.8'),
(358, 12, 33, '116.5', '124.0', '250.2'),
(359, 12, 40, '116.5', '125.0', '248.4'),
(360, 12, 75, '116.5', '123.5', '247.6'),
(361, 13, 5, '129.5', '131.5', '271.1'),
(362, 13, 2, '124.5', '122.5', '257.2'),
(363, 13, 3, '120.0', '128.5', '256.9'),
(364, 13, 6, '122.5', '127.5', '252.6'),
(365, 13, 34, '127.5', '124.0', '251.9'),
(366, 13, 7, '121.0', '133.0', '250.3'),
(367, 13, 1, '128.0', '122.5', '249.2'),
(368, 13, 19, '122.0', '130.5', '247.6'),
(369, 13, 24, '122.0', '135.0', '242.9'),
(370, 13, 4, '119.5', '127.0', '241.8'),
(371, 13, 17, '121.5', '130.5', '240.2'),
(372, 13, 8, '122.0', '123.0', '239.9'),
(373, 13, 15, '125.0', '123.0', '239.8'),
(374, 13, 14, '123.0', '120.0', '239.6'),
(375, 13, 28, '117.0', '129.0', '239.4'),
(376, 13, 21, '121.0', '122.5', '238.4'),
(377, 13, 30, '120.5', '125.0', '237.5'),
(378, 13, 11, '119.0', '133.5', '235.2'),
(379, 13, 10, '120.0', '124.0', '235.0'),
(380, 13, 23, '124.0', '116.0', '234.8'),
(381, 13, 9, '122.0', '117.5', '233.7'),
(382, 13, 27, '118.5', '123.5', '231.6'),
(383, 13, 25, '121.0', '123.5', '231.4'),
(384, 13, 31, '119.0', '123.5', '231.2'),
(385, 13, 47, '116.5', '127.0', '230.5'),
(386, 13, 18, '119.0', '123.0', '230.0'),
(387, 13, 33, '118.0', '122.5', '229.2'),
(388, 13, 20, '118.0', '123.5', '225.8'),
(389, 13, 22, '116.5', '125.0', '224.9'),
(390, 13, 40, '116.0', '119.5', '219.1'),
(391, 14, 2, '133.0', '132.5', '278.3'),
(392, 14, 6, '131.5', '133.5', '275.7'),
(393, 14, 23, '133.0', '131.5', '273.3'),
(394, 14, 8, '126.0', '137.0', '271.8'),
(395, 14, 15, '131.5', '131.0', '270.5'),
(396, 14, 16, '131.0', '131.5', '270.2'),
(397, 14, 1, '124.0', '133.5', '268.5'),
(398, 14, 9, '128.5', '132.0', '268.5'),
(399, 14, 11, '129.0', '133.0', '268.5'),
(400, 14, 14, '127.5', '131.5', '265.6'),
(401, 14, 12, '126.5', '131.0', '262.8'),
(402, 14, 5, '128.0', '130.0', '261.0'),
(403, 14, 17, '127.5', '129.0', '260.9'),
(404, 14, 30, '127.5', '129.5', '260.9'),
(405, 14, 38, '129.5', '129.0', '260.2'),
(406, 14, 27, '130.0', '128.5', '258.1'),
(407, 14, 40, '129.0', '127.5', '257.9'),
(408, 14, 25, '128.0', '125.5', '255.4'),
(409, 14, 4, '123.5', '128.0', '253.5'),
(410, 14, 19, '125.0', '127.0', '253.0'),
(411, 14, 43, '130.0', '127.5', '250.7'),
(412, 14, 22, '124.5', '124.5', '249.4'),
(413, 14, 13, '125.0', '123.5', '247.0'),
(414, 14, 10, '122.5', '125.5', '245.2'),
(415, 14, 21, '125.0', '122.5', '241.1'),
(416, 14, 7, '123.5', '124.0', '240.4'),
(417, 14, 67, '129.0', '121.0', '238.5'),
(418, 14, 62, '129.0', '120.5', '233.4'),
(419, 14, 26, '126.5', '116.5', '233.3'),
(420, 14, 47, '126.0', '119.0', '231.1'),
(421, 15, 2, '132.0', '137.0', '270.1'),
(422, 15, 3, '133.0', '148.5', '260.3'),
(423, 15, 6, '141.0', '127.0', '256.7'),
(424, 15, 14, '134.0', '137.0', '252.7'),
(425, 15, 1, '131.0', '123.5', '250.5'),
(426, 15, 9, '140.0', '127.0', '247.9'),
(427, 15, 15, '135.5', '130.0', '236.9'),
(428, 15, 16, '137.0', '125.0', '233.9'),
(429, 15, 11, '131.5', '126.0', '232.8'),
(430, 15, 7, '133.0', '130.0', '232.6'),
(431, 15, 4, '127.5', '123.5', '226.0'),
(432, 15, 28, '129.0', '122.0', '225.5'),
(433, 15, 18, '132.0', '126.0', '223.5'),
(434, 15, 17, '127.5', '122.0', '220.0'),
(435, 15, 5, '114.5', '129.0', '219.4'),
(436, 15, 30, '129.0', '121.5', '218.7'),
(437, 15, 43, '131.0', '120.0', '217.9'),
(438, 15, 32, '129.5', '122.5', '215.5'),
(439, 15, 20, '125.5', '123.0', '213.4'),
(440, 15, 23, '129.0', '123.0', '211.5'),
(441, 15, 45, '132.0', '118.0', '209.1'),
(442, 15, 63, '127.5', '122.0', '207.9'),
(443, 15, 31, '132.0', '113.0', '199.0'),
(444, 15, 13, '125.5', '120.5', '198.7'),
(445, 15, 55, '118.5', '121.0', '197.6'),
(446, 15, 56, '124.0', '117.0', '197.1'),
(447, 15, 40, '122.5', '116.5', '187.4'),
(448, 15, 42, '121.5', '113.5', '184.2'),
(449, 15, 73, '128.0', '112.0', '182.1'),
(450, 15, 41, '122.5', '109.0', '177.3'),
(451, 16, 2, '135.0', '128.5', '248.2'),
(452, 16, 9, '138.5', '125.0', '238.4'),
(453, 16, 1, '124.5', '129.5', '236.6'),
(454, 16, 4, '139.5', '127.0', '236.1'),
(455, 16, 15, '131.0', '129.0', '236.1'),
(456, 16, 3, '126.5', '131.5', '232.3'),
(457, 16, 37, '131.5', '127.5', '229.9'),
(458, 16, 11, '133.5', '126.5', '228.6'),
(459, 16, 6, '130.5', '125.0', '227.5'),
(460, 16, 8, '125.5', '128.0', '226.1'),
(461, 16, 30, '131.5', '124.0', '224.6'),
(462, 16, 5, '127.5', '130.5', '221.5'),
(463, 16, 13, '127.5', '128.5', '220.4'),
(464, 16, 14, '129.0', '123.0', '220.1'),
(465, 16, 43, '117.0', '136.5', '216.9'),
(466, 16, 7, '128.5', '122.0', '213.9'),
(467, 16, 18, '121.5', '134.0', '212.5'),
(468, 16, 16, '132.0', '120.0', '212.2'),
(469, 16, 31, '127.0', '117.5', '211.4'),
(470, 16, 39, '122.5', '125.5', '207.2'),
(471, 16, 47, '125.0', '119.5', '200.4'),
(472, 16, 20, '125.5', '118.0', '200.0'),
(473, 16, 56, '126.0', '120.0', '199.8'),
(474, 16, 28, '121.5', '124.0', '198.6'),
(475, 16, 40, '124.0', '118.0', '193.9'),
(476, 16, 32, '121.5', '118.0', '189.0'),
(477, 16, 17, '121.0', '115.0', '181.7'),
(478, 16, 23, '118.0', '110.0', '179.6'),
(479, 16, 61, '121.0', '113.0', '178.4'),
(480, 16, 22, '119.0', '110.5', '175.5'),
(481, 17, 9, '220.0', '233.5', '430.1'),
(482, 17, 5, '221.5', '218.0', '424.8'),
(483, 17, 7, '224.5', '222.5', '423.3'),
(484, 17, 4, '236.0', '207.5', '421.8'),
(485, 17, 3, '233.0', '197.0', '420.5'),
(486, 17, 2, '222.5', '202.0', '409.9'),
(487, 17, 8, '222.5', '198.5', '408.2'),
(488, 17, 15, '220.0', '206.5', '398.1'),
(489, 17, 16, '221.0', '203.0', '398.0'),
(490, 17, 35, '201.0', '223.0', '393.8'),
(491, 17, 11, '198.5', '211.0', '386.1'),
(492, 17, 14, '214.5', '201.0', '386.0'),
(493, 17, 18, '209.0', '210.5', '385.9'),
(494, 17, 1, '205.5', '210.0', '385.5'),
(495, 17, 26, '202.5', '209.0', '384.6'),
(496, 17, 10, '209.5', '208.0', '383.4'),
(497, 17, 6, '197.0', '213.0', '382.8'),
(498, 17, 19, '204.0', '205.5', '382.6'),
(499, 17, 28, '199.5', '221.5', '380.2'),
(500, 17, 13, '194.5', '213.0', '376.7'),
(501, 17, 20, '205.5', '208.0', '374.3'),
(502, 17, 21, '203.5', '205.5', '374.2'),
(503, 17, 12, '203.0', '200.0', '366.5'),
(504, 17, 30, '200.5', '207.5', '364.4'),
(505, 17, 22, '223.0', '180.5', '364.0'),
(506, 17, 36, '205.5', '196.5', '362.5'),
(507, 17, 17, '198.0', '186.0', '343.1'),
(508, 17, 71, '204.0', '179.0', '340.9'),
(509, 17, 37, '194.5', '181.0', '338.8'),
(510, 17, 24, '207.5', '174.0', '336.2'),
(511, 18, 1, '224.0', '234.0', '427.0'),
(512, 18, 7, '219.5', '237.5', '426.5'),
(513, 18, 2, '213.0', '230.0', '421.7'),
(514, 18, 4, '218.5', '221.0', '417.2'),
(515, 18, 6, '211.5', '229.0', '414.4'),
(516, 18, 3, '207.0', '228.5', '411.3'),
(517, 18, 26, '216.0', '220.0', '408.7'),
(518, 18, 8, '204.5', '230.5', '408.3'),
(519, 18, 9, '213.5', '228.5', '404.3'),
(520, 18, 23, '211.5', '222.0', '403.3'),
(521, 18, 27, '214.0', '218.5', '400.2'),
(522, 18, 28, '204.5', '224.5', '396.0'),
(523, 18, 13, '207.0', '218.5', '395.9'),
(524, 18, 35, '206.0', '214.0', '394.3'),
(525, 18, 15, '199.0', '220.0', '393.1'),
(526, 18, 22, '201.5', '218.5', '390.8'),
(527, 18, 45, '209.0', '209.0', '386.8'),
(528, 18, 10, '203.5', '214.5', '385.8'),
(529, 18, 14, '204.0', '212.0', '385.2'),
(530, 18, 21, '203.5', '206.5', '377.6'),
(531, 18, 37, '205.0', '210.0', '376.5'),
(532, 18, 5, '199.0', '207.0', '373.2'),
(533, 18, 19, '204.5', '201.5', '363.3'),
(534, 18, 61, '196.0', '202.5', '362.9'),
(535, 18, 32, '199.0', '199.0', '360.4'),
(536, 18, 60, '200.0', '194.0', '359.8'),
(537, 18, 20, '198.5', '189.0', '350.1'),
(538, 18, 72, '195.0', '192.0', '346.3'),
(539, 18, 12, '197.5', '187.0', '343.2'),
(540, 18, 50, '198.0', '186.0', '342.5'),
(541, 19, 3, '214.5', '227.5', '413.2'),
(542, 19, 12, '220.5', '223.5', '407.9'),
(543, 19, 5, '207.0', '228.5', '405.4'),
(544, 19, 4, '217.0', '220.5', '400.4'),
(545, 19, 35, '203.5', '226.0', '398.3'),
(546, 19, 22, '216.0', '211.5', '391.1'),
(547, 19, 2, '206.0', '213.0', '379.8'),
(548, 19, 8, '203.5', '216.5', '378.0'),
(549, 19, 1, '220.5', '206.0', '377.5'),
(550, 19, 7, '210.5', '206.5', '374.8'),
(551, 19, 37, '202.0', '211.5', '373.1'),
(552, 19, 19, '203.0', '205.5', '368.8'),
(553, 19, 9, '207.5', '201.5', '368.5'),
(554, 19, 27, '200.5', '202.0', '363.2'),
(555, 19, 6, '196.5', '211.5', '361.0'),
(556, 19, 13, '203.0', '197.0', '360.2'),
(557, 19, 11, '199.5', '199.5', '353.1'),
(558, 19, 28, '202.5', '194.0', '352.7'),
(559, 19, 23, '204.5', '194.0', '350.4'),
(560, 19, 25, '204.0', '205.0', '349.8'),
(561, 19, 24, '212.5', '192.5', '346.9'),
(562, 19, 32, '196.0', '193.5', '346.3'),
(563, 19, 16, '192.5', '198.5', '344.3'),
(564, 19, 20, '201.0', '190.5', '343.4'),
(565, 19, 14, '200.0', '190.0', '341.8'),
(566, 19, 60, '189.0', '190.5', '327.0'),
(567, 19, 68, '204.0', '188.0', '326.6'),
(568, 19, 62, '203.5', '188.5', '324.8'),
(569, 19, 50, '224.0', '176.0', '321.6'),
(570, 19, 10, '200.0', '173.5', '318.0'),
(571, 20, 3, '132.5', '129.0', '280.9'),
(572, 20, 1, '124.0', '129.5', '263.7'),
(573, 20, 6, '127.5', '124.0', '260.1'),
(574, 20, 2, '128.0', '120.0', '257.1'),
(575, 20, 15, '118.5', '128.0', '255.7'),
(576, 20, 10, '118.5', '129.0', '255.2'),
(577, 20, 8, '122.5', '125.5', '254.6'),
(578, 20, 17, '122.5', '122.5', '248.8'),
(579, 20, 25, '122.0', '122.0', '246.5'),
(580, 20, 4, '121.0', '120.0', '243.5'),
(581, 20, 26, '123.0', '121.0', '243.2'),
(582, 20, 24, '122.5', '119.5', '243.1'),
(583, 20, 27, '126.0', '118.5', '242.8'),
(584, 20, 22, '121.5', '121.0', '242.7'),
(585, 20, 50, '116.5', '122.5', '234.0'),
(586, 20, 11, '116.5', '121.5', '232.5'),
(587, 20, 14, '116.0', '119.5', '230.4'),
(588, 20, 33, '114.0', '122.5', '228.5'),
(589, 20, 21, '120.0', '115.5', '227.3'),
(590, 20, 43, '116.5', '118.0', '226.4'),
(591, 20, 20, '115.0', '115.5', '225.9'),
(592, 20, 28, '122.5', '113.0', '224.1'),
(593, 20, 31, '116.0', '117.0', '224.0'),
(594, 20, 30, '112.5', '119.0', '223.7'),
(595, 20, 64, '119.0', '117.0', '222.6'),
(596, 20, 45, '115.0', '115.5', '215.7'),
(597, 20, 32, '115.5', '110.5', '214.7'),
(598, 20, 5, '124.5', '103.0', '210.7'),
(599, 20, 76, '116.5', '110.0', '208.7'),
(600, 20, 48, '114.0', '102.0', '197.1'),
(601, 21, 10, '142.0', '150.5', '311.1'),
(602, 21, 3, '144.5', '144.5', '307.1'),
(603, 21, 1, '144.5', '143.0', '304.7'),
(604, 21, 4, '142.0', '141.5', '297.9'),
(605, 21, 5, '144.0', '141.5', '297.0'),
(606, 21, 21, '144.0', '140.0', '291.4'),
(607, 21, 12, '138.5', '143.0', '289.2'),
(608, 21, 17, '132.5', '145.5', '285.5'),
(609, 21, 9, '140.5', '136.0', '280.8'),
(610, 21, 8, '137.0', '139.5', '280.2'),
(611, 21, 2, '134.5', '139.0', '273.8'),
(612, 21, 20, '136.5', '140.5', '273.2'),
(613, 21, 32, '134.5', '140.5', '273.0'),
(614, 21, 15, '128.0', '144.0', '270.9'),
(615, 21, 24, '138.5', '133.5', '270.8'),
(616, 21, 26, '131.0', '145.5', '268.9'),
(617, 21, 6, '134.0', '136.5', '264.8'),
(618, 21, 25, '136.0', '133.5', '262.4'),
(619, 21, 18, '134.5', '134.0', '261.3'),
(620, 21, 29, '129.0', '139.0', '261.1'),
(621, 21, 16, '133.5', '133.5', '260.2'),
(622, 21, 40, '137.5', '129.0', '260.1'),
(623, 21, 46, '132.0', '131.5', '258.7'),
(624, 21, 27, '132.5', '136.5', '257.8'),
(625, 21, 55, '134.5', '135.5', '257.4'),
(626, 21, 14, '133.5', '135.0', '255.8'),
(627, 21, 70, '132.0', '134.0', '251.0'),
(628, 21, 28, '131.0', '129.5', '244.0'),
(629, 21, 42, '128.5', '133.0', '240.9'),
(630, 21, 23, '131.5', '124.5', '236.7'),
(631, 22, 1, '146.0', '144.0', '274.4'),
(632, 22, 7, '140.0', '141.5', '252.8'),
(633, 22, 4, '142.0', '137.5', '250.0'),
(634, 22, 21, '138.0', '144.0', '249.6'),
(635, 22, 5, '143.0', '139.0', '249.3'),
(636, 22, 10, '137.5', '138.5', '243.0'),
(637, 22, 3, '138.5', '134.5', '242.5'),
(638, 22, 9, '140.0', '135.5', '242.2'),
(639, 22, 8, '141.0', '134.5', '240.0'),
(640, 22, 2, '133.0', '132.0', '237.4'),
(641, 22, 17, '134.0', '137.5', '234.8'),
(642, 22, 16, '135.0', '138.0', '234.7'),
(643, 22, 12, '133.0', '134.5', '233.1'),
(644, 22, 15, '133.5', '134.5', '232.2'),
(645, 22, 6, '140.5', '130.5', '228.4'),
(646, 22, 22, '137.0', '134.5', '228.0'),
(647, 22, 26, '141.0', '129.0', '227.1'),
(648, 22, 20, '135.5', '137.0', '225.8'),
(649, 22, 18, '134.0', '134.0', '224.8'),
(650, 22, 27, '135.0', '135.5', '223.2'),
(651, 22, 38, '135.5', '130.0', '220.6'),
(652, 22, 11, '133.0', '135.5', '219.4'),
(653, 22, 24, '133.5', '132.5', '216.7'),
(654, 22, 14, '131.5', '134.5', '215.4'),
(655, 22, 25, '131.5', '135.0', '215.2'),
(656, 22, 55, '130.0', '133.0', '212.2'),
(657, 22, 32, '135.0', '127.0', '210.6'),
(658, 22, 31, '132.0', '127.0', '207.2'),
(659, 22, 28, '133.5', '128.0', '199.6'),
(660, 22, 47, '133.5', '126.0', '195.1'),
(661, 23, 6, '127.0', '129.5', '262.0'),
(662, 23, 2, '134.0', '126.0', '258.3'),
(663, 23, 29, '125.5', '129.0', '252.8'),
(664, 23, 26, '127.0', '130.5', '250.2'),
(665, 23, 1, '127.0', '126.0', '250.1'),
(666, 23, 13, '129.0', '123.5', '245.7'),
(667, 23, 14, '127.5', '130.0', '244.8'),
(668, 23, 23, '130.0', '126.0', '244.4'),
(669, 23, 8, '121.0', '130.0', '241.4'),
(670, 23, 7, '120.0', '132.5', '237.8'),
(671, 23, 20, '125.0', '125.5', '233.3'),
(672, 23, 24, '119.0', '125.0', '232.6'),
(673, 23, 3, '125.5', '117.0', '232.0'),
(674, 23, 9, '124.5', '120.0', '230.8'),
(675, 23, 16, '132.0', '116.5', '230.7'),
(676, 23, 41, '125.5', '120.5', '229.6'),
(677, 23, 10, '119.0', '124.0', '229.5'),
(678, 23, 25, '127.0', '120.0', '229.2'),
(679, 23, 22, '124.0', '124.0', '228.9'),
(680, 23, 17, '119.0', '126.0', '226.3'),
(681, 23, 38, '122.5', '123.5', '224.9'),
(682, 23, 12, '121.0', '123.0', '220.2'),
(683, 23, 27, '118.0', '125.5', '218.2'),
(684, 23, 5, '123.0', '115.0', '215.5'),
(685, 23, 45, '116.5', '122.0', '212.6'),
(686, 23, 4, '124.0', '113.5', '210.5'),
(687, 23, 31, '120.0', '119.0', '210.2'),
(688, 23, 37, '114.0', '115.0', '197.7'),
(689, 23, 54, '117.5', '112.0', '195.5'),
(690, 23, 42, '119.5', '108.0', '192.5'),
(691, 24, 2, '139.0', '141.0', '285.7'),
(692, 24, 6, '135.0', '138.5', '273.3'),
(693, 24, 1, '130.0', '137.0', '261.7'),
(694, 24, 3, '130.0', '137.0', '260.2'),
(695, 24, 8, '124.5', '138.5', '254.1'),
(696, 24, 20, '138.0', '127.5', '249.1'),
(697, 24, 13, '135.0', '132.5', '247.9'),
(698, 24, 5, '133.0', '126.5', '243.5'),
(699, 24, 26, '138.5', '130.5', '243.1'),
(700, 24, 17, '133.0', '128.0', '242.4'),
(701, 24, 12, '131.0', '128.5', '242.3'),
(702, 24, 24, '133.5', '134.0', '241.2'),
(703, 24, 44, '130.5', '134.5', '237.8'),
(704, 24, 18, '127.5', '132.0', '231.7'),
(705, 24, 7, '122.0', '129.0', '230.3'),
(706, 24, 27, '126.5', '130.0', '228.0'),
(707, 24, 31, '129.0', '126.5', '226.0'),
(708, 24, 41, '136.0', '118.5', '225.8'),
(709, 24, 16, '137.5', '117.5', '224.7'),
(710, 24, 10, '122.5', '126.5', '224.5'),
(711, 24, 22, '124.5', '129.0', '224.2'),
(712, 24, 14, '121.5', '125.5', '221.5'),
(713, 24, 11, '132.0', '121.0', '219.7'),
(714, 24, 40, '126.0', '122.5', '218.9'),
(715, 24, 25, '120.5', '127.5', '216.7'),
(716, 24, 29, '131.5', '122.0', '214.8'),
(717, 24, 23, '131.0', '118.0', '209.1'),
(718, 24, 38, '128.5', '116.0', '206.2'),
(719, 24, 51, '129.0', '103.0', '180.6'),
(720, 24, 19, '125.5', '107.0', '180.0'),
(721, 25, 1, '141.0', '141.5', '298.4'),
(722, 25, 19, '137.0', '137.0', '288.0'),
(723, 25, 2, '136.5', '135.0', '280.5'),
(724, 25, 9, '136.0', '132.5', '277.1'),
(725, 25, 8, '134.0', '132.5', '275.6'),
(726, 25, 12, '135.5', '131.5', '273.8'),
(727, 25, 21, '132.0', '132.5', '273.4'),
(728, 25, 10, '134.5', '131.5', '272.8'),
(729, 25, 7, '135.0', '132.0', '272.7'),
(730, 25, 6, '135.0', '132.0', '270.6'),
(731, 25, 4, '133.5', '132.5', '268.8'),
(732, 25, 29, '131.0', '130.5', '265.4'),
(733, 25, 22, '126.5', '133.5', '263.5'),
(734, 25, 17, '129.5', '130.0', '262.2'),
(735, 25, 24, '127.0', '134.5', '260.6'),
(736, 25, 32, '129.0', '128.0', '257.4'),
(737, 25, 3, '132.0', '130.5', '256.8'),
(738, 25, 5, '126.5', '134.5', '256.5'),
(739, 25, 26, '127.0', '130.5', '253.0'),
(740, 25, 20, '132.5', '124.0', '250.8'),
(741, 25, 14, '126.5', '128.0', '250.5'),
(742, 25, 23, '128.5', '130.0', '250.1'),
(743, 25, 42, '123.5', '127.5', '248.8'),
(744, 25, 38, '127.5', '123.5', '244.8'),
(745, 25, 27, '122.5', '127.0', '241.4'),
(746, 25, 31, '126.5', '125.5', '241.1'),
(747, 25, 41, '122.0', '127.0', '240.2'),
(748, 25, 39, '123.0', '126.0', '239.6'),
(749, 25, 25, '125.0', '126.0', '238.8'),
(750, 25, 44, '123.0', '124.5', '237.3'),
(751, 26, 13, '241.0', '232.5', '454.7'),
(752, 26, 1, '237.0', '239.0', '454.6'),
(753, 26, 2, '236.5', '229.5', '443.2'),
(754, 26, 22, '230.0', '225.5', '438.8'),
(755, 26, 7, '223.0', '230.0', '434.3'),
(756, 26, 6, '237.0', '224.0', '431.6'),
(757, 26, 8, '229.5', '217.5', '420.3'),
(758, 26, 24, '224.0', '215.5', '416.3'),
(759, 26, 4, '212.0', '232.0', '408.9'),
(760, 26, 5, '214.5', '225.0', '405.3'),
(761, 26, 18, '216.5', '214.0', '404.6'),
(762, 26, 3, '207.5', '225.5', '397.8'),
(763, 26, 21, '211.5', '225.0', '391.7'),
(764, 26, 12, '215.5', '221.5', '391.0'),
(765, 26, 23, '213.0', '216.5', '388.9'),
(766, 26, 29, '201.5', '220.5', '383.4'),
(767, 26, 16, '214.5', '213.0', '381.5'),
(768, 26, 25, '202.0', '217.0', '380.8'),
(769, 26, 28, '212.0', '192.0', '379.2'),
(770, 26, 38, '206.0', '215.5', '375.8'),
(771, 26, 27, '202.0', '215.5', '374.2'),
(772, 26, 10, '204.0', '209.0', '371.9'),
(773, 26, 44, '200.5', '213.0', '371.8'),
(774, 26, 51, '188.5', '212.5', '370.2'),
(775, 26, 9, '202.5', '209.5', '366.8'),
(776, 26, 36, '201.0', '204.0', '364.9'),
(777, 26, 49, '197.0', '202.0', '363.2'),
(778, 26, 15, '194.5', '201.5', '358.5'),
(779, 26, 39, '192.5', '194.0', '348.8'),
(780, 26, 78, '199.0', '192.0', '343.3'),
(781, 27, 7, '238.5', '233.0', '445.0'),
(782, 27, 1, '242.0', '220.0', '438.1'),
(783, 27, 4, '242.0', '234.0', '437.3'),
(784, 27, 9, '240.0', '228.5', '422.5'),
(785, 27, 13, '233.5', '224.0', '415.2'),
(786, 27, 24, '234.5', '238.0', '411.6'),
(787, 27, 5, '222.0', '230.0', '405.5'),
(788, 27, 8, '230.0', '221.5', '405.4'),
(789, 27, 10, '227.0', '226.0', '404.7'),
(790, 27, 29, '225.5', '226.5', '401.5'),
(791, 27, 12, '228.0', '227.0', '400.0'),
(792, 27, 22, '235.5', '214.0', '395.6'),
(793, 27, 20, '217.0', '228.0', '393.3'),
(794, 27, 2, '214.0', '213.0', '388.0'),
(795, 27, 21, '224.0', '217.0', '387.3'),
(796, 27, 16, '230.5', '218.0', '386.4'),
(797, 27, 27, '233.0', '204.5', '385.8'),
(798, 27, 3, '211.0', '209.5', '378.1'),
(799, 27, 37, '219.5', '210.0', '376.6'),
(800, 27, 41, '206.0', '212.0', '371.6'),
(801, 27, 28, '219.0', '217.5', '371.6'),
(802, 27, 26, '218.5', '213.5', '368.8'),
(803, 27, 38, '212.0', '213.5', '365.8'),
(804, 27, 23, '216.5', '206.5', '362.9'),
(805, 27, 6, '215.0', '207.0', '360.2'),
(806, 27, 18, '213.0', '211.5', '359.7'),
(807, 27, 32, '209.5', '206.5', '359.5'),
(808, 27, 39, '205.5', '203.0', '358.8'),
(809, 27, 64, '201.5', '211.0', '354.1'),
(810, 27, 49, '200.0', '0.0', '168.5'),
(811, 28, 1, '252.0', '230.5', '464.9'),
(812, 28, 13, '239.5', '222.5', '444.0'),
(813, 28, 7, '227.0', '235.0', '442.5'),
(814, 28, 4, '248.0', '222.0', '438.6'),
(815, 28, 9, '231.5', '229.5', '425.4'),
(816, 28, 5, '229.5', '234.0', '424.8'),
(817, 28, 10, '238.5', '228.0', '422.8'),
(818, 28, 8, '225.0', '223.5', '416.2'),
(819, 28, 28, '241.0', '224.0', '413.8'),
(820, 28, 12, '233.0', '221.5', '411.7'),
(821, 28, 3, '222.0', '220.0', '408.2'),
(822, 28, 22, '223.0', '219.0', '407.5'),
(823, 28, 24, '234.0', '221.0', '407.0'),
(824, 28, 23, '230.5', '216.5', '400.3'),
(825, 28, 20, '228.5', '211.5', '399.4'),
(826, 28, 6, '226.5', '211.5', '397.4'),
(827, 28, 2, '224.0', '212.5', '395.3'),
(828, 28, 27, '222.5', '216.0', '384.6'),
(829, 28, 29, '221.5', '204.5', '381.0'),
(830, 28, 18, '220.0', '203.0', '374.7'),
(831, 28, 16, '219.0', '207.0', '370.8'),
(832, 28, 32, '213.0', '212.0', '370.8'),
(833, 28, 26, '221.5', '208.0', '366.4'),
(834, 28, 21, '211.0', '212.0', '356.3'),
(835, 28, 25, '206.0', '210.5', '353.9'),
(836, 28, 17, '207.0', '200.0', '344.4'),
(837, 28, 33, '194.5', '214.0', '329.6'),
(838, 28, 15, '194.5', '216.0', '327.6'),
(839, 28, 30, '195.5', '201.5', '317.8'),
(840, 28, 31, '186.0', '209.0', '309.8');

-- --------------------------------------------------------

--
-- Struktura tabeli dla tabeli `zawodnicy`
--

CREATE TABLE `zawodnicy` (
  `ID_zawodnika` int(2) NOT NULL,
  `Imie` varchar(16) DEFAULT NULL,
  `Nazwisko` varchar(14) DEFAULT NULL,
  `ID_kraju` int(2) DEFAULT NULL
) ENGINE=InnoDB DEFAULT CHARSET=utf8;

--
-- Zrzut danych tabeli `zawodnicy`
--

INSERT INTO `zawodnicy` (`ID_zawodnika`, `Imie`, `Nazwisko`, `ID_kraju`) VALUES
(1, 'Ryoyu', 'Kobayashi', 6),
(2, 'Stefan', 'Kraft', 1),
(3, 'Kamil', 'Stoch', 10),
(4, 'Piotr', 'Żyła', 10),
(5, 'Dawid', 'Kubacki', 10),
(6, 'Robert', 'Johansson', 9),
(7, 'Markus', 'Eisenbichler', 8),
(8, 'Johann Andre', 'Forfang', 9),
(9, 'Timi', 'Zajc', 12),
(10, 'Karl', 'Geiger', 8),
(11, 'Stephan', 'Leyhe', 8),
(12, 'Evgeniy', 'Klimov', 11),
(13, 'Domen', 'Prevc', 12),
(14, 'Roman', 'Koudelka', 3),
(15, 'Halvor Egner', 'Granerud', 9),
(16, 'Daniel', 'Huber', 1),
(17, 'Killian', 'Peier', 13),
(18, 'Andreas', 'Wellinger', 8),
(19, 'Andreas', 'Stjernen', 9),
(20, 'Junshiro', 'Kobayashi', 6),
(21, 'Richard', 'Freitag', 8),
(22, 'Jakub', 'Wolny', 10),
(23, 'Yukiya', 'Sato', 6),
(24, 'Simon', 'Ammann', 13),
(25, 'Antti', 'Aalto', 5),
(26, 'Philipp', 'Aschenwald', 1),
(27, 'Michael', 'Hayboeck', 1),
(28, 'Anze', 'Semenic', 12),
(29, 'Peter', 'Prevc', 12),
(30, 'Anze', 'Lanisek', 12),
(31, 'Manuel', 'Fettner', 1),
(32, 'Daiki', 'Ito', 6),
(33, 'Vladimir', 'Zografski', 2),
(34, 'David', 'Siegel', 8),
(35, 'Daniel Andre', 'Tande', 9),
(36, 'Anders', 'Fannemel', 9),
(37, 'Noriaki', 'Kasai', 6),
(38, 'Constantin', 'Schmid', 8),
(39, 'Naoki', 'Nakamura', 6),
(40, 'Stefan', 'Hula', 10),
(41, 'Robin', 'Pedersen', 9),
(42, 'Viktor', 'Polasek', 3),
(43, 'Jan', 'Hoerl', 1),
(44, 'Marius', 'Lindvik', 9),
(45, 'Clemens', 'Aigner', 1),
(46, 'Jernej', 'Damjan', 12),
(47, 'Maciej', 'Kot', 10),
(48, 'Gregor', 'Schlierenzauer', 1),
(49, 'Dimitry', 'Vassiliev', 11),
(50, 'Martin', 'Hamann', 8),
(51, 'Mackenzie', 'Boyd-Clowes', 7),
(52, 'Kevin', 'Bickner', 14),
(53, 'Zak', 'Mogel', 12),
(54, 'Lukas', 'Hlava', 3),
(55, 'Ziga', 'Jelar', 12),
(56, 'Keiichi', 'Sato', 6),
(57, 'Artti', 'Aigro', 4),
(58, 'Severin', 'Freund', 8),
(59, 'Pius', 'Paschke', 8),
(60, 'Jurij', 'Tepes', 12),
(61, 'Tilen', 'Bartol', 12),
(62, 'Cestmir', 'Kozisek', 3),
(63, 'Taku', 'Takeuchi', 6),
(64, 'Bor', 'Pavlovcic', 12),
(65, 'Alex', 'Insam', 15),
(66, 'Roman Sergeevich', 'Trofimov', 11),
(67, 'Paweł', 'Wąsek', 10),
(68, 'Eetu', 'Nousiainen', 5),
(69, 'Gregor', 'Deschwanden', 13),
(70, 'Thomas Aasen', 'Markeng', 9),
(71, 'Tomas', 'Vancura', 3),
(72, 'Ulrich', 'Wohlgenannt', 1),
(73, 'Moritz', 'Baer', 8),
(74, 'Jarkko', 'Määttä', 5),
(75, 'Markus', 'Schiffner', 1),
(76, 'Andreas', 'Alamommo', 5),
(77, 'Andreas', 'Schuler', 13),
(78, 'Mikhail', 'Nazarov', 11);

--
-- Indeksy dla zrzutów tabel
--

--
-- Indeksy dla tabeli `konkursy`
--
ALTER TABLE `konkursy`
  ADD PRIMARY KEY (`ID_konkursu`);

--
-- Indeksy dla tabeli `kraje`
--
ALTER TABLE `kraje`
  ADD PRIMARY KEY (`ID_kraju`);

--
-- Indeksy dla tabeli `zawodnicy`
--
ALTER TABLE `zawodnicy`
  ADD PRIMARY KEY (`ID_zawodnika`);
COMMIT;

/*!40101 SET CHARACTER_SET_CLIENT=@OLD_CHARACTER_SET_CLIENT */;
/*!40101 SET CHARACTER_SET_RESULTS=@OLD_CHARACTER_SET_RESULTS */;
/*!40101 SET COLLATION_CONNECTION=@OLD_COLLATION_CONNECTION */;
